66b236ed8ab84,PHP課題大変,"これ一体なんやねん
","2024-08-06 16:45:01"
66b23935bae07,PHP課題大変２,メッセージの文字数制限どうしようか、、、,"2024-08-06 16:54:45"
66b36a93a39ee,PHP課題大変２,うんこうんこ,"2024-08-07 14:37:39"
66b4ea979e12e,ああああああああああああああああ,あああ,"2024-08-08 17:56:07"
66b4ec0aa6d0f,PHP課題大変,"山田です
","2024-08-08 18:02:18"
66b4ec1734d39,,ゆうや,"2024-08-08 18:02:31"
66b756632f419,PHP課題大変,祐也,"2024-08-10 14:00:35"
66c9665dcec22,yyy,"yuuya","2024-08-24 06:49:33"
66d2ace834726,PHP課題大変,祐也,"2024-08-31 07:40:56"
66d2ad95eca99,PHP課題大変,祐也,"2024-08-31 07:43:49"
66d2ad9f84dbb,PHP課題大変,祐也,"2024-08-31 07:43:59"
66d2ae1739250,yyy,おおおおおおおお,"2024-08-31 07:45:59"
